"-","Denmark","-","-","-","Germany","-","-","-","Ireland","-","-","-","Great Britain","-","-"
"Week ended","Weekly","Cumulative","% change on previous year","nan","Weekly","Cumulative","% change on previous year","nan","Weekly","Cumulative","% change on previous year","nan","Weekly","Cumulative","% change on previous year"
"2011-01-09 00:00:00","7,900","7,900","97.5","nan","21,701","21,701","-7.09392927476668","nan","1,854","1,854","7.105719237435011","nan","3,931","3,931","4.180544552062699"
"2011-01-16 00:00:00","7,200","15,100","25.83333333333333","nan","20,921","42,622","-4.5013555600367425","nan","1,697","3,551","-2.1493524386883394","nan","5,048","8,979","7.485844188783815"
"2011-01-23 00:00:00","7,300","22,400","16.66666666666667","nan","19,964","62,586","-5.469210204359058","nan","2,124","5,675","4.204921042967328","nan","4,466","13,445","1.4733471769620365"
"2011-01-30 00:00:00","7,700","30,100","18.97233201581028","nan","18,914","81,500","-3.937954526702896","nan","1,639","7,314","3.6858519988658855","nan","4,514","17,959","2.5543987883349786"
"2011-02-06 00:00:00","7,595","37,695","18.537735849056602","nan","22,751","104,251","-0.180009383467862","nan","1,686","9,000","7.193901858027644","nan","4,226","22,186","1.6851712115306583"
"2011-02-13 00:00:00","7,900","45,595","19.046997389033947","nan","17,635","121,886","-2.886645579201499","nan","1,855","10,855","7.934771800735803","nan","4,895","27,081","5.786489182542141"
"2011-02-20 00:00:00","7,100","52,695","17.360801781737194","nan","24,471","146,357","0.9699829597588092","nan","1,661","12,516","9.94378074490514","nan","5,262","32,343","6.457747569450092"
"2011-02-27 00:00:00","7,300","59,995","16.495145631067956","nan","22,750","169,107","1.0384240809229794","nan","1,908","14,424","10.800430173605776","nan","5,004","37,347","8.391323779038984"
"2011-03-06 00:00:00","7,200","67,195","14.863247863247864","nan","23,492","192,599","2.3336007693656455","nan","1,484","15,908","9.235734395385563","nan","5,144","42,492","9.398427765205057"
"2011-03-13 00:00:00","7,300","74,495","13.73282442748092","nan","20,292","212,891","2.1525395264029044","nan","1,678","17,586","10.03629082718058","nan","5,044","47,536","10.475419212780707"
"2011-03-20 00:00:00","6,900","81,395","11.960110041265466","nan","22,417","235,308","2.509725677094437","nan","1,163","18,749","8.721368512612358","nan","5,079","52,616","10.595813277849203"
"2011-03-27 00:00:00","7,200","88,595","10.743750000000006","nan","20,925","256,233","2.113338381221851","nan","1,830","20,579","9.954050010686032","nan","5,202","57,818","12.202351354222671"
"2011-04-03 00:00:00","7,100","95,695","14.467703349282289","nan","21,114","277,347","3.3604144150858986","nan","1,826","22,405","11.141425665955666","nan","4,819","62,637","14.297930254050797"
"2011-04-10 00:00:00","7,000","102,695","13.726467331118485","nan","20,247","297,594","3.3290973104727044","nan","1,852","24,257","12.613741875580303","nan","5,161","67,799","15.090169553831387"
"2011-04-17 00:00:00","7,100","109,795","11.580284552845526","nan","21,318","318,912","3.1990835722560433","nan","1,649","25,906","12.395331684671788","nan","4,734","72,533","13.904937492343194"
"2011-04-24 00:00:00","4,300","114,095","7.738432483474966","nan","17,743","336,655","2.1782941501405304","nan","1,527","27,433","11.588838268792713","nan","4,525","77,058","13.675340809776344"
"2011-05-01 00:00:00","6,700","120,795","7.852678571428569","nan","19,222","355,877","1.7788861655851207","nan","1,490","28,923","10.6338216731056","nan","4,214","81,273","13.608204833591017"
"2011-05-08 00:00:00","8,200","128,995","9.225232853513972","nan","20,820","376,697","1.8438562008451527","nan","1,761","30,684","9.907586503331189","nan","4,463","85,737","14.35665819360267"
"2011-05-15 00:00:00","7,600","136,595","11.87141687141687","nan","20,565","397,262","2.61270266849543","nan","1,748","32,432","10.489558137158042","nan","5,366","91,103","14.347575346400433"
"2011-05-22 00:00:00","5,800","142,395","9.78797224363916","nan","19,647","416,909","2.0884960086194155","nan","1,775","34,207","10.380767989674084","nan","5,048","96,151","15.442451425632214"
"2011-05-29 00:00:00","7,400","149,795","9.65959004392387","nan","21,154","438,063","2.7053577289906343","nan","1,410","35,617","9.476240240978655","nan","4,293","100,445","15.148217693852374"
"2011-06-05 00:00:00","4,700","154,495","7.437413073713486","nan","15,821","453,884","1.6605818979998617","nan","1,740","37,357","10.822035658132847","nan","4,375","104,821","15.713376076296584"
"2011-06-12 00:00:00","8,000","162,495","8.185752330226364","nan","21,091","474,975","1.5969746036974755","nan","1,592","38,949","10.443486644360007","nan","4,793","109,614","15.759257097340793"
"2011-06-19 00:00:00","6,700","169,195","7.904974489795919","nan","16,968","491,943","0.915110711780116","nan","1,834","40,783","10.358544175348399","nan","4,684","114,299","16.25469869570422"
"2011-06-26 00:00:00","7,300","176,495","8.345610804174328","nan","20,220","512,163","0.7496773888958899","nan","1,708","42,491","10.694003021935089","nan","4,081","118,380","16.404683454009785"
"2011-07-03 00:00:00","7,400","183,895","8.556670602125152","nan","18,669","530,832","0.40401289209677316","nan","1,856","44,347","11.111946281819996","nan","3,615","121,995","15.255935407237757"
"2011-07-10 00:00:00","6,900","190,795","8.901255707762573","nan","20,767","551,599","0.6776957250230993","nan","1,762","46,109","11.40668792886828","nan","4,317","126,313","15.20989138839633"
"2011-07-17 00:00:00","6,400","197,195","8.647382920110203","nan","19,762","571,361","0.7259675306702746","nan","1,418","47,527","10.829466222046037","nan","3,934","130,247","14.542597127699352"
"2011-07-24 00:00:00","6,500","203,695","8.753336892685539","nan","20,330","591,691","0.6876542159448604","nan","1,785","49,312","10.98807112311502","nan","4,384","134,631","14.555531065836249"
"2011-07-31 00:00:00","6,700","210,395","8.843766166580451","nan","19,993","611,684","0.48593291563034313","nan","1,457","50,769","10.63194595772498","nan","4,412","139,044","14.450951880972909"
"2011-08-07 00:00:00","6,500","216,895","8.55605605605605","nan","19,944","631,628","0.2690762350916742","nan","1,357","52,126","10.247245193629581","nan","3,932","142,976","14.115929683176347"
"2011-08-14 00:00:00","6,700","223,595","8.435984481086336","nan","20,139","651,767","0.2117191223727275","nan","1,904","54,030","10.09679062659194","nan","4,107","147,083","13.625733573521714"
"2011-08-21 00:00:00","6,500","230,095","8.229068673565394","nan","20,622","672,389","0.08707896946134497","nan","1,656","55,686","10.047033714082445","nan","4,870","151,953","14.015605424423512"
"2011-08-28 00:00:00","6,900","236,995","8.36534064929127","nan","20,832","693,221","0.17108911806738547","nan","1,704","57,390","9.65683277285234","nan","4,718","156,672","14.155864824877327"
"2011-09-04 00:00:00","6,400","243,395","8.22365495775901","nan","21,178","714,399","-0.06980016729659155","nan","1,746","59,136","9.488807835440923","nan","5,066","161,738","14.528093981281586"
"2011-09-11 00:00:00","6,800","250,195","8.0755939524838","nan","21,378","735,777","-0.16526570736571955","nan","1,677","60,813","9.23052053022954","nan","5,257","166,996","14.694023554336354"
"2011-09-18 00:00:00","6,400","256,595","7.587002096436052","nan","21,303","757,080","-0.48137213404807255","nan","1,803","62,616","8.821689259645467","nan","5,284","172,281","15.218074977584394"
"2011-09-25 00:00:00","6,800","263,395","7.3766816143497635","nan","21,328","778,408","-0.8945372876651589","nan","1,730","64,346","8.976052569183352","nan","4,496","176,777","14.701924123447085"
"2011-10-02 00:00:00","6,800","270,195","7.476133651551308","nan","21,051","799,459","-1.5245690016210176","nan","1,882","66,228","8.974232402014025","nan","5,232","182,010","14.826434909867146"
"2011-10-09 00:00:00","6,700","276,895","7.4485836243694195","nan","19,013","818,472","-1.824083370218034","nan","1,726","67,954","8.582202834635595","nan","5,092","187,103","15.136014242071624"
"2011-10-16 00:00:00","6,600","283,495","7.181474480151223","nan","22,315","840,787","-1.8676710368597185","nan","2,141","70,095","9.195849950149551","nan","5,147","192,250","14.72976647821713"
"2011-10-23 00:00:00","6,300","289,795","7.053934244551158","nan","20,660","861,447","-2.134318828856877","nan","1,794","71,889","9.089667521510194","nan","4,625","196,876","14.427217310734719"
"2011-10-30 00:00:00","6,300","296,095","6.585673146148309","nan","21,791","883,238","-2.168764911643322","nan","1,904","73,793","9.581087301940869","nan","4,963","201,840","14.408568728295364"
"2011-11-06 00:00:00","6,600","302,695","6.28335674157303","nan","18,479","901,717","-2.4822909794845742","nan","1,603","75,396","8.903397272937369","nan","4,795","206,635","14.192575070505143"
"2011-11-13 00:00:00","6,200","308,895","5.89475488515599","nan","20,994","922,711","-2.5896260824858786","nan","2,078","77,474","9.101406824294827","nan","5,824","212,460","14.567278105103512"
"2011-11-20 00:00:00","6,300","315,195","5.522263140274532","nan","19,377","942,088","-2.7169586090031004","nan","1,697","79,171","8.74390495158299","nan","4,909","217,370","14.326725477631925"
"2011-11-27 00:00:00","5,800","320,995","5.140845070422543","nan","19,933","962,021","-2.8921753192021953","nan","1,893","81,064","8.764020823270542","nan","5,114","222,484","13.717654915608335"
"2011-12-04 00:00:00","6,300","327,295","5.104367373153494","nan","19,184","981,205","-2.9901655941130088","nan","1,552","82,616","8.13895651718633","nan","5,057","227,541","14.231999589326222"
"2011-12-11 00:00:00","6,200","333,495","4.806725329981148","nan","19,986","1,001,191","-3.133577597842063","nan","2,124","84,740","7.5503547359470105","nan","5,519","233,061","14.744275222726316"
"2011-12-18 00:00:00","6,900","340,395","4.736923076923077","nan","19,450","1,020,641","-3.327700814757705","nan","2,179","86,919","7.61563985736926","nan","6,471","239,532","15.052582006191557"
"2011-12-25 00:00:00","6,900","347,295","5.496658566221143","nan","17,215","1,037,856","-3.3502447310193872","nan","762","87,681","8.136007103744276","nan","3,627","243,160","14.88134342399961"
"2012-01-01 00:00:00","4,300","351,595","5.1420454545454675","nan","12,033","1,049,889","-3.6556011837848956","nan","726","88,407","7.578578468951918","nan","2,375","245,535","15.013988073614357"
"2012-01-08 00:00:00","6,100","6,100","-22.784810126582272","nan","18,014","18,014","-16.990000460808247","nan","1,400","1,400","-24.487594390507013","nan","4,323,000","4,323,000","109,871"
"2012-01-15 00:00:00","6,300","12,400","-17.88079470198676","nan","18,123","36,137","-15.215147107127763","nan","2,212","3,612","1.7178259645170328","nan","5,407,000","9,730,000","108,259"
"2012-01-22 00:00:00","5,900","18,300","-18.30357142857143","nan","17,467","53,604","-14.35145240149555","nan","1,976","5,588","-1.5330396475770982","nan","5,058,000","14,788,000","109,883"
"2012-01-29 00:00:00","6,200","24,500","-18.604651162790702","nan","17,152","70,756","-13.182822085889569","nan","1,961","7,549","3.2130161334427214","nan","4,905,000","19,693,000","109,550"
"2012-02-05 00:00:00","5,800","30,300","-19.617986470354154","nan","16,111","86,867","-16.675139806812396","nan","1,712","9,261","2.8999999999999915","nan","4,946,000","24,639,000","110,956"
"2012-02-12 00:00:00","5,900","36,200","-20.605329531746904","nan","16,163","103,030","-15.470193459462124","nan","2,225","11,486","5.812989405803776","nan","4,132,000","28,771,000","106,138"
"2012-02-19 00:00:00","5,400","41,600","-21.055128570073066","nan","17,183","120,213","-17.86317019343113","nan","1,976","13,462","7.5583253435602415","nan","5,115,000","33,886,000","104,668"
"2012-02-26 00:00:00","6,400","48,000","-19.99333277773148","nan","16,809","137,022","-18.97319448633114","nan","2,106","15,568","7.931225734886297","nan","4,172,000","38,058,000","101,801"
"2012-03-04 00:00:00","6,000","54,000","-19.63687774387975","nan","18,979","156,001","-19.00217550454572","nan","1,882","17,450","9.693236107618802","nan","5,482,000","43,540,000","102,366"
"2012-03-11 00:00:00","6,000","60,000","-19.457681723605617","nan","17,259","173,260","-18.615629594487316","nan","2,324","19,774","12.441715000568635","nan","5,472,000","49,012,000","103,003"
"2012-03-18 00:00:00","5,700","65,700","-19.282511210762337","nan","17,696","190,956","-18.848487939211594","nan","1,657","21,431","14.3047629206891","nan","4,813,000","53,825,000","102,197"
"2012-03-25 00:00:00","6,200","71,900","-18.844178565381796","nan","16,913","207,869","-18.87500829323311","nan","2,168","23,599","14.675154283492887","nan","4,578,000","58,403,000","100,911"
"2012-04-01 00:00:00","6,100","78,000","-18.4910392392497","nan","18,593","226,462","-18.34705260918632","nan","1,721","25,320","13.01048873019414","nan","5,254,000","63,657,000","101,526"
"2012-04-08 00:00:00","4,000","82,000","-20.151906129801844","nan","15,648","242,110","-18.644193095290902","nan","1,638","26,958","11.134930123263388","nan","4,057,000","67,714,000","99,774"
"2012-04-15 00:00:00","5,900","87,900","-19.941709549615197","nan","17,677","259,787","-18.539597130242825","nan","1,763","28,721","10.866208600324256","nan","4,529,000","72,243,000","99,499"
"2012-04-22 00:00:00","6,600","94,500","-17.174284587405225","nan","18,109","277,896","-17.453773150554724","nan","1,861","30,582","11.478875806510416","nan","5,384,000","77,627,000","100,637"
"2012-04-29 00:00:00","6,100","100,600","-16.718407218841833","nan","18,429","296,325","-16.733871534266058","nan","1,967","32,549","12.536735470041151","nan","4,645,000","82,272,000","101,128"
"2012-05-06 00:00:00","7,100","107,700","-16.50839179813171","nan","14,865","311,190","-17.389838517429126","nan","2,170","34,719","13.15017598748534","nan","5,623,000","87,895,000","102,416"
"2012-05-13 00:00:00","7,200","114,900","-15.882718986785747","nan","19,357","330,547","-16.793702896325343","nan","1,510","36,229","11.707572767636904","nan","5,205","87,900,205","96,384"
"2012-05-20 00:00:00","3,300","118,200","-16.991467397029396","nan","13,541","344,088","-17.466881261858106","nan","2,068","38,297","11.956617066682256","nan","3,796","87,904,001","91,321"
"2012-05-27 00:00:00","7,100","125,300","-16.352348209219272","nan","20,253","364,341","-16.829086227323458","nan","2,090","40,387","13.392481118566963","nan","4,931","87,908,933","87,419"
"2012-06-03 00:00:00","5,900","131,200","-15.078157869186697","nan","14,628","378,969","-16.505318539538735","nan","1,879","42,266","13.140776828974495","nan","5,044","87,913,978","83,770"
"2012-06-10 00:00:00","5,600","136,800","-15.812794239822765","nan","18,117","397,086","-16.398547291962743","nan","1,607","43,873","12.64217309815399","nan","3,607","87,917,585","80,106"
"2012-06-17 00:00:00","7,200","144,000","-14.891101982919125","nan","16,679","413,765","-15.891678507469365","nan","1,817","45,690","12.031974106858257","nan","5,500","87,923,085","76,823"
"2012-06-24 00:00:00","5,800","149,800","-15.125074364712873","nan","16,963","430,728","-15.900211456118456","nan","2,068","47,758","12.395566119884222","nan","5,372","87,928,457","74,176"
"2012-07-01 00:00:00","6,300","156,100","-15.11460344218169","nan","16,967","447,695","-15.661640594387677","nan","1,677","49,435","11.473154892100922","nan","4,468","87,932,926","71,978"
"2012-07-08 00:00:00","5,400","161,500","-15.354175948007025","nan","17,698","465,393","-15.628382212440556","nan","1,732","51,167","10.969658851851037","nan","5,233","87,938,159","69,518"
"2012-07-15 00:00:00","5,200","166,700","-15.464388042293166","nan","16,619","482,012","-15.637924184534825","nan","1,507","52,674","10.829633681907126","nan","5,367","87,943,527","67,420"
"2012-07-22 00:00:00","6,100","172,800","-15.167284420334326","nan","18,266","500,278","-15.449449121247412","nan","2,060","54,734","10.995295262816356","nan","4,674","87,948,201","65,224"
"2012-07-29 00:00:00","6,000","178,800","-15.016991848665612","nan","16,663","516,941","-15.488879879153288","nan","1,804","56,538","11.363233469243042","nan","5,361","87,953,563","63,155"
"2012-08-05 00:00:00","6,000","184,800","-14.797482652896562","nan","19,168","536,109","-15.122667139518825","nan","1,888","58,426","12.0860990676438","nan","5,585","87,959,149","61,419"
"2012-08-12 00:00:00","6,100","190,900","-14.622420000447235","nan","18,438","554,547","-14.91637348929909","nan","1,609","60,035","11.114195817138622","nan","4,877","87,964,026","59,705"
"2012-08-19 00:00:00","6,400","197,300","-14.252808622525478","nan","18,087","572,634","-14.835906000841774","nan","1,671","61,706","10.81061667205401","nan","5,066","87,969,093","57,791"
"2012-08-26 00:00:00","6,200","203,500","-14.133209561383154","nan","17,969","590,603","-14.803071459173907","nan","1,859","63,565","10.759714235929607","nan","6,166","87,975,259","56,052"
"2012-09-02 00:00:00","6,400","209,900","-13.761580969206435","nan","19,435","610,038","-14.608223135810661","nan","1,919","65,484","10.734577922077932","nan","4,966","87,980,226","54,296"
"2012-09-09 00:00:00","6,500","216,400","-13.507464177941202","nan","19,588","629,626","-14.427061460197848","nan","1,821","67,305","10.675349020768593","nan","5,818","87,986,044","52,587"
"2012-09-16 00:00:00","5,900","222,300","-13.36542021473528","nan","20,099","649,725","-14.180139483277856","nan","1,597","68,902","10.038967675993348","nan","6,199","87,992,243","50,974"
"2012-09-23 00:00:00","6,800","229,100","-13.020368647848287","nan","19,529","669,254","-14.022723301918788","nan","1,953","70,855","10.11562490286886","nan","5,818","87,998,062","49,678"
"2012-09-30 00:00:00","6,500","235,600","-12.803715834860014","nan","21,068","690,322","-13.651356729988649","nan","1,817","72,672","9.730023554991845","nan","5,940","88,004,003","48,250"
"2012-10-07 00:00:00","6,700","242,300","-12.493905632098816","nan","17,412","707,734","-13.529845859113081","nan","2,120","74,792","10.06268946640374","nan","5,449","88,009,452","46,937"
"2012-10-14 00:00:00","6,500","248,800","-12.238311081324184","nan","20,725","728,459","-13.359864032150824","nan","1,829","76,621","9.31022184178613","nan","5,918","88,015,370","45,681"
"2012-10-21 00:00:00","6,600","255,400","-11.868734795286315","nan","20,339","748,798","-13.076718590928976","nan","1,727","78,348","8.984684722280178","nan","5,434","88,020,805","44,608"
"2012-10-28 00:00:00","6,700","262,100","-11.481112480791637","nan","19,415","768,213","-13.023103625523362","nan","1,765","80,113","8.564497987614004","nan","5,586","88,026,392","43,511"
"2012-11-04 00:00:00","6,900","269,000","-11.131667189745457","nan","17,879","786,092","-12.822759247080853","nan","1,666","81,779","8.465966364263352","nan","4,875","88,031,268","42,502"
"2012-11-11 00:00:00","6,600","275,600","-10.77874358600819","nan","20,717","806,809","-12.561029401405207","nan","2,100","83,879","8.267289671373618","nan","6,223","88,037,491","41,337"
"2012-11-18 00:00:00","6,000","281,600","-10.658481257634165","nan","18,360","825,169","-12.410624060597314","nan","1,765","85,644","8.175973525659643","nan","5,219","88,042,710","40,403"
"2012-11-25 00:00:00","6,600","288,200","-10.216670041589438","nan","19,787","844,956","-12.168653283036448","nan","1,977","87,621","8.088670679956579","nan","5,423","88,048,134","39,474"
"2012-12-02 00:00:00","6,100","294,300","-10.081119479368766","nan","18,926","863,882","-11.957032424416909","nan","1,641","89,262","8.044446596300972","nan","4,462","88,052,597","38,597"
"2012-12-09 00:00:00","5,600","299,900","-10.07361429706593","nan","18,517","882,399","-11.865068703174515","nan","1,889","91,151","7.565494453622847","nan","5,470","88,058,067","37,683"
"2012-12-16 00:00:00","6,500","306,400","-9.986926952511055","nan","19,153","901,552","-11.668059582164545","nan","2,342","93,493","7.563363591389688","nan","6,406","88,064,473","36,665"
"2012-12-23 00:00:00","3,300","309,700","-10.825091060913621","nan","10,574","912,126","-12.114397373045975","nan","293","93,786","6.962739932254422","nan","3,344","88,067,818","36,117"
"2012-12-30 00:00:00","2,900","312,600","-11.090885820333057","nan","10,313","922,439","-12.139378543827021","nan","847","94,633","7.0424287669528525","nan","1,971","88,069,790","35,768"
"2013-01-06 00:00:00","4,900","4,900","-19.67213114754098","nan","17,162","17,162","-4.729654713000997","nan","1,807","1,807","29.071428571428584","nan","3,900","3,900","-99.90977175727583"
"2013-01-13 00:00:00","8,100","13,000","4.838709677419345","nan","22,345","39,507","9.325621938733164","nan","2,184","3,991","10.492801771871527","nan","6,165","10,066","-99.89654493040467"
"2013-01-20 00:00:00","7,900","20,900","14.207650273224033","nan","18,235","57,742","7.7195731661816325","nan","1,923","5,914","5.833929849677872","nan","5,840","15,906","-99.89243479601116"
"2013-01-27 00:00:00","6,800","27,700","13.061224489795919","nan","17,603","75,345","6.485669059867718","nan","1,869","7,783","3.099748311034574","nan","4,360","20,267","-99.89708471466304"
"2013-02-03 00:00:00","6,600","34,300","13.201320132013208","nan","18,945","94,290","8.545247332128426","nan","1,875","9,658","4.286794082712447","nan","5,097","25,365","-99.89705345184464"
"2013-02-10 00:00:00","6,400","40,700","12.430939226519342","nan","17,368","111,658","8.37425992429391","nan","1,849","11,507","0.18283127285390322","nan","4,909","30,274","-99.89477314717422"
"2013-02-17 00:00:00","6,000","46,700","12.259615384615373","nan","17,381","129,039","7.341968006787951","nan","1,545","13,052","-3.045609864804632","nan","5,089","35,364","-99.89563802551143"
"2013-02-24 00:00:00","6,100","52,800","10.000000000000014","nan","19,652","148,691","8.516150691129894","nan","1,840","14,892","-4.342240493319622","nan","4,835","40,199","-99.89437378031162"
"2013-03-03 00:00:00","6,300","59,100","9.444444444444457","nan","18,792","167,483","7.360209229428023","nan","2,011","16,903","-3.134670487106021","nan","5,602","45,802","-99.89480477721635"
"2013-03-10 00:00:00","6,400","65,500","9.166666666666657","nan","18,444","185,927","7.310977721343633","nan","1,872","18,775","-5.052088601193489","nan","4,996","50,798","-99.8963541692313"
"2013-03-17 00:00:00","6,200","71,700","9.132420091324207","nan","19,296","205,223","7.471354657617454","nan","1,708","20,483","-4.423498670150721","nan","5,688","56,487","-99.89505336745238"
"2013-03-24 00:00:00","7,300","79,000","9.874826147426987","nan","18,312","223,535","7.536477300607601","nan","1,865","22,348","-5.301072079325394","nan","4,965","61,452","-99.89477826321034"
"2013-03-31 00:00:00","4,000","83,000","6.410256410256409","nan","17,313","240,848","6.352500640284035","nan","1,692","24,040","-5.055292259083728","nan","4,850","66,303","-99.89584334794289"
"2013-04-07 00:00:00","5,900","88,900","8.41463414634147","nan","17,465","258,313","6.692412539754656","nan","1,489","25,529","-5.3008383411232245","nan","4,473","70,776","-99.89547787900972"
"2013-04-14 00:00:00","6,600","95,500","8.646188850967022","nan","20,812","279,125","7.443790489901332","nan","2,129","27,658","-3.7011246126527624","nan","5,118","75,894","-99.89494588204168"
"2013-04-21 00:00:00","6,700","102,200","8.148148148148152","nan","17,451","296,576","6.721939142700876","nan","1,926","29,584","-3.2633575305735434","nan","4,784","80,678","-99.89606860880347"
"2013-04-28 00:00:00","5,400","107,600","6.958250497017886","nan","18,198","314,774","6.225934362608626","nan","1,540","31,124","-4.378014685551008","nan","5,143","85,822","-99.89568478651185"
"2013-05-05 00:00:00","6,100","113,700","5.571030640668525","nan","15,294","330,068","6.0663903081718615","nan","2,311","33,435","-3.698263198824847","nan","5,211","91,034","-99.89642869332727"
"2013-05-12 00:00:00","3,400","117,100","1.9147084421235832","nan","16,482","346,550","4.8413690035002475","nan","1,677","35,112","-3.083165419967429","nan","4,575","95,609","-99.891229149144"
"2013-05-19 00:00:00","7,100","124,200","5.076142131979694","nan","19,103","365,653","6.267292088070491","nan","1,846","36,958","-3.4963574170300546","nan","4,967","100,577","-99.88558298236613"
"2013-05-26 00:00:00","6,100","130,300","3.9904229848363855","nan","16,794","382,447","4.969520312015391","nan","2,327","39,285","-2.728600787382078","nan","5,560","106,137","-99.87926374140264"
"2013-06-02 00:00:00","6,100","136,400","3.963414634146332","nan","16,560","399,007","5.287503727217796","nan","1,884","41,169","-2.59546680547011","nan","3,939","110,076","-99.87479010448145"
"2013-06-09 00:00:00","5,500","141,900","3.7280701754385888","nan","17,917","416,924","4.9958950957726955","nan","1,755","42,924","-2.163061564059902","nan","5,526","115,603","-99.86850928975971"
"2013-06-16 00:00:00","5,500","147,400","2.3611111111111","nan","16,561","433,485","4.765990356845066","nan","1,850","44,774","-2.004815057999565","nan","4,924","120,527","-99.86291696068206"
"2013-06-23 00:00:00","6,000","153,400","2.403204272363155","nan","17,288","450,773","4.653749001690159","nan","2,039","46,813","-1.978726077306419","nan","5,297","125,824","-99.85690086535858"
"2013-06-30 00:00:00","6,000","159,400","2.1140294682895586","nan","16,937","467,710","4.470677581835858","nan","1,907","48,720","-1.44634368362496","nan","4,418","130,243","-99.85188369598892"
"2013-07-07 00:00:00","5,600","165,000","2.167182662538707","nan","16,806","484,516","4.109000350241615","nan","1,903","50,623","-1.063185256122111","nan","4,611","134,854","-99.8466479775307"
"2013-07-14 00:00:00","5,600","170,600","2.3395320935812833","nan","16,761","501,277","3.9967884616980456","nan","1,776","52,399","-0.522079204161443","nan","4,918","139,773","-99.84106459316274"
"2013-07-21 00:00:00","5,300","175,900","1.7939814814814952","nan","16,954","518,231","3.5886047357669213","nan","1,632","54,031","-1.2843936127452764","nan","4,071","143,844","-99.8364436892562"
"2013-07-28 00:00:00","5,700","181,600","1.5659955257270752","nan","14,975","533,206","3.1463938824740154","nan","1,832","55,863","-1.1938872970391685","nan","5,034","148,879","-99.83072915143629"
"2013-08-04 00:00:00","5,600","187,200","1.298701298701289","nan","17,287","550,493","2.6830364720607207","nan","1,773","57,636","-1.3521377468935043","nan","4,682","153,562","-99.82541668291948"
"2013-08-11 00:00:00","5,600","192,800","0.9952854897852319","nan","16,880","567,373","2.3128788001738343","nan","1,590","59,226","-1.3475472640959367","nan","4,888","158,450","-99.81986843809557"
"2013-08-18 00:00:00","5,600","198,400","0.5575266092245243","nan","17,592","584,965","2.1533824397433676","nan","1,802","61,028","-1.0987586296308223","nan","4,820","163,271","-99.81439894599927"
"2013-08-25 00:00:00","5,500","203,900","0.19656019656019907","nan","18,326","603,291","2.1483128260438917","nan","1,709","62,737","-1.3026036340753677","nan","4,822","168,094","-99.80892992320945"
"2013-09-01 00:00:00","5,900","209,800","-0.047641734159114435","nan","18,120","621,411","1.8643100921581919","nan","1,788","64,525","-1.4644798729460717","nan","4,246","172,341","-99.80411393805694"
"2013-09-08 00:00:00","6,100","215,900","-0.23105360443622658","nan","18,714","640,125","1.6674978479287716","nan","1,715","66,240","-1.582349008246041","nan","5,171","177,512","-99.79824943980832"
"2013-09-15 00:00:00","6,000","221,900","-0.17993702204228157","nan","19,041","659,166","1.4530763015121693","nan","1,405","67,645","-1.8243302081216797","nan","4,751","182,263","-99.79286397632978"
"2013-09-22 00:00:00","6,000","227,900","-0.5237887385421232","nan","17,872","677,038","1.1630860629895352","nan","1,953","69,598","-1.7740455860560331","nan","5,194","187,458","-99.78697478223775"
"2013-09-29 00:00:00","6,000","233,900","-0.7215619694397333","nan","17,374","694,412","0.5924771338592763","nan","1,542","71,140","-2.108102157639806","nan","4,912","192,371","-99.78140653442776"
"2013-10-06 00:00:00","6,300","240,200","-0.8666941807676523","nan","15,128","709,540","0.2551806187070156","nan","1,863","73,003","-2.391967055300043","nan","5,059","197,430","-99.77567149645861"
"2013-10-13 00:00:00","5,900","246,100","-1.0852090032154393","nan","20,065","729,605","0.15731839403451886","nan","1,852","74,855","-2.304851150467897","nan","4,515","201,945","-99.77055630142615"
"2013-10-20 00:00:00","6,000","252,100","-1.292090837901327","nan","17,699","747,304","-0.19951976367458713","nan","2,100","76,955","-1.7779649767703063","nan","4,990","206,936","-99.76490097631779"
"2013-10-27 00:00:00","5,700","257,800","-1.640595192674553","nan","17,668","764,972","-0.4218882002777917","nan","1,624","78,579","-1.914795351565914","nan","5,128","212,064","-99.75909009573738"
"2013-11-03 00:00:00","6,200","264,000","-1.8587360594795541","nan","16,168","781,140","-0.6299517104868073","nan","1,923","80,502","-1.561525575025371","nan","4,448","216,513","-99.75404989054572"
"2013-11-10 00:00:00","6,000","270,000","-2.0319303338171153","nan","18,026","799,166","-0.9473121891302725","nan","1,654","82,156","-2.0541494295354","nan","4,709","221,222","-99.7487183588681"
"2013-11-17 00:00:00","6,000","276,000","-1.9886363636363598","nan","17,336","816,502","-1.0503302959757264","nan","1,702","83,858","-2.0853766755406014","nan","4,782","226,004","-99.74330142359501"
"2013-11-24 00:00:00","5,600","281,600","-2.2900763358778704","nan","17,983","834,485","-1.2392361259047817","nan","1,939","85,797","-2.081692744889935","nan","4,801","230,805","-99.73786397064247"
"2013-12-01 00:00:00","5,800","287,400","-2.3445463812436316","nan","16,746","851,231","-1.4644361151175787","nan","1,446","87,243","-2.261880755528665","nan","5,214","236,020","-99.73195566281821"
"2013-12-08 00:00:00","6,100","293,500","-2.1340446815605247","nan","17,290","868,521","-1.5727579020375089","nan","1,565","88,808","-2.5704600059242324","nan","4,720","240,740","-99.72661185801888"
"2013-12-15 00:00:00","6,500","300,000","-2.0887728459530024","nan","17,690","886,211","-1.7016212043232173","nan","2,193","91,001","-2.6654401933834606","nan","5,209","245,949","-99.72071600000922"
"2013-12-22 00:00:00","5,300","305,300","-1.420729738456572","nan","18,681","904,892","-0.7930921824397075","nan","440","91,441","-2.5003731900283555","nan","4,169","250,119","-99.71599265723617"
"2013-12-29 00:00:00","2,700","308,000","-1.4715291106845712","nan","5,892","910,784","-1.2634981825356562","nan","108","91,549","-3.2589054558135047","nan","1,835","251,955","-99.71391438539821"
"2014-01-05 00:00:00","4,600","4,600","-6.122448979591837","nan","13,407","13,407","-21.87973429670201","nan","1,409","1,409","-22.025456557830665","nan","2,832","2,832","-27.37396400036468"
"2014-01-12 00:00:00","6,800","11,400","-12.307692307692307","nan","22,138","35,545","-10.028602526134605","nan","2,324","3,733","-6.464545226760208","nan","6,422","9,255","-8.056432636301992"
"2014-01-19 00:00:00","6,000","17,400","-16.74641148325358","nan","18,296","53,841","-6.755914239201971","nan","1,840","5,573","-5.765979032803514","nan","5,712","14,967","-5.901930360848709"
"2014-01-26 00:00:00","6,200","23,600","-14.801444043321297","nan","17,669","71,510","-5.089919702700911","nan","2,041","7,614","-2.1713992033920135","nan","4,497","19,465","-3.9538178819683623"
"2014-02-02 00:00:00","5,500","29,100","-15.160349854227405","nan","16,680","88,190","-6.4694029059285185","nan","2,096","9,710","0.5384137502588544","nan","5,120","24,585","-3.0711610486891487"
"2014-02-09 00:00:00","5,900","35,000","-14.004914004914","nan","16,855","105,045","-5.922549212774726","nan","1,581","11,291","-1.8771182758321032","nan","4,805","29,391","-2.9168019019899702"
"2014-02-16 00:00:00","5,500","40,500","-13.276231263383295","nan","18,125","123,170","-4.548237354598214","nan","1,934","13,225","1.3254673613239305","nan","4,805","34,197","-3.298757752236895"
"2014-02-23 00:00:00","6,100","46,600","-11.74242424242425","nan","17,425","140,595","-5.444848713103013","nan","1,800","15,025","0.8930969648133242","nan","4,295","38,492","-4.244735412403642"
"2014-03-02 00:00:00","5,700","52,300","-11.50592216582065","nan","17,760","158,355","-5.450105383830007","nan","1,728","16,753","-0.887416434952371","nan","5,499","43,991","-3.9517924981442007"
"2014-03-09 00:00:00","6,100","58,400","-10.839694656488547","nan","16,089","174,444","-6.17607985929962","nan","1,447","18,200","-3.062583222370179","nan","4,894","48,886","-3.7654273144782167"
"2014-03-16 00:00:00","6,100","64,500","-10.041841004184107","nan","18,449","192,893","-6.008098507477229","nan","1,718","19,918","-2.7583850021969454","nan","5,361","54,247","-3.96533422948508"
"2014-03-23 00:00:00","6,300","70,800","-10.379746835443044","nan","17,911","210,804","-5.695304985796412","nan","1,542","21,460","-3.973509933774835","nan","4,530","58,778","-4.352313278064258"
"2014-03-30 00:00:00","6,200","77,000","-7.228915662650607","nan","18,050","228,854","-4.97990433800571","nan","1,976","23,436","-2.512479201331118","nan","5,006","63,784","-3.797716543746148"
"2014-04-06 00:00:00","5,900","82,900","-6.749156355455568","nan","17,188","246,042","-4.750438421604798","nan","1,524","24,960","-2.2288377923146214","nan","5,069","68,854","-2.7144240732686598"
"2014-04-13 00:00:00","6,500","89,400","-6.387434554973822","nan","18,412","264,454","-5.256068069861172","nan","2,070","27,030","-2.2705907874755837","nan","5,001","73,856","-2.6848183717622334"
"2014-04-20 00:00:00","3,100","92,500","-9.49119373776908","nan","14,778","279,232","-5.848079413034085","nan","1,989","29,019","-1.9098161168199113","nan","4,504","78,361","-2.872784174821973"
"2014-04-27 00:00:00","5,900","98,400","-8.550185873605955","nan","18,417","297,649","-5.440411215665847","nan","1,498","30,517","-1.9502634622799064","nan","3,899","82,260","-4.150381929347873"
"2014-05-04 00:00:00","6,200","104,600","-8.003518029903262","nan","16,006","313,655","-4.972611704254888","nan","1,929","32,446","-2.957978166591886","nan","5,596","87,856","-3.4899048707076616"
"2014-05-11 00:00:00","6,900","111,500","-4.782237403928264","nan","19,654","333,309","-3.820805078632233","nan","1,492","33,938","-3.343586238323084","nan","4,912","92,769","-2.9706282308694796"
"2014-05-18 00:00:00","5,400","116,900","-5.877616747181975","nan","17,042","350,351","-4.18484191296119","nan","1,850","35,788","-3.1657557227122766","nan","5,213","97,982","-2.579655465606919"
"2014-05-25 00:00:00","7,100","124,000","-4.834996162701458","nan","17,832","368,183","-3.729667117273763","nan","1,878","37,666","-4.1211658393788895","nan","4,913","102,896","-3.0541470309278793"
"2014-06-01 00:00:00","4,000","128,000","-6.158357771260995","nan","14,730","382,913","-4.0335131965103415","nan","2,306","39,972","-2.907527508562268","nan","4,367","107,263","-2.5554838885507394"
"2014-06-08 00:00:00","5,400","133,400","-5.990133897110638","nan","19,084","401,997","-3.5802688259730786","nan","1,979","41,951","-2.2667971298108256","nan","4,731","111,995","-3.120639911622277"
"2014-06-15 00:00:00","5,500","138,900","-5.766621438263229","nan","14,783","416,780","-3.8536512220722727","nan","2,077","44,028","-1.666145530888457","nan","4,890","116,886","-3.0211483691172987"
"2014-06-22 00:00:00","5,800","144,700","-5.671447196870929","nan","17,466","434,246","-3.6663686600572873","nan","1,756","45,784","-2.198107363339247","nan","4,128","121,015","-3.8224300607457877"
"2014-06-29 00:00:00","6,500","151,200","-5.144291091593473","nan","17,579","451,825","-3.396335335998799","nan","1,916","47,700","-2.0935960591132954","nan","4,958","125,973","-3.277719340002932"
"2014-07-06 00:00:00","6,600","157,800","-4.36363636363636","nan","16,831","468,656","-3.2733697132808857","nan","1,960","49,660","-1.902297374711111","nan","4,092","130,066","-3.550901449612141"
"2014-07-13 00:00:00","5,800","163,600","-4.1031652989449015","nan","17,443","486,099","-3.0278668281209775","nan","2,069","51,729","-1.2786503559228208","nan","4,846","134,912","-3.477510046136487"
"2014-07-20 00:00:00","5,700","169,300","-3.7521318931210885","nan","16,100","502,199","-3.093601116104594","nan","2,074","53,803","-0.42197997445910573","nan","4,489","139,402","-3.088174882637574"
"2014-07-27 00:00:00","5,700","175,000","-3.6343612334801776","nan","15,545","517,744","-2.8998173313878652","nan","2,148","55,951","0.15752823872688282","nan","4,660","144,063","-3.235063991195503"
"2014-08-03 00:00:00","5,800","180,800","-3.418803418803421","nan","17,849","535,593","-2.706664753230285","nan","1,850","57,801","0.2862794087028959","nan","4,528","148,591","-3.236477774449426"
"2014-08-10 00:00:00","5,400","186,200","-3.423236514522827","nan","17,100","552,693","-2.5873631632100853","nan","1,760","59,561","0.5656299598149559","nan","4,391","152,983","-3.4502692276421953"
"2014-08-17 00:00:00","5,600","191,800","-3.326612903225808","nan","17,842","570,535","-2.466814253844248","nan","1,991","61,552","0.8586222717441103","nan","4,447","157,431","-3.5771881006818234"
"2014-08-24 00:00:00","6,200","198,000","-2.893575282000981","nan","18,187","588,722","-2.414920825936406","nan","2,041","63,593","1.3644260962430508","nan","4,351","161,782","-3.7549266744184564"
"2014-08-31 00:00:00","6,200","204,200","-2.6692087702573986","nan","18,439","607,161","-2.29316828958612","nan","2,227","65,820","2.0069740410693555","nan","4,150","165,932","-3.7182098281894866"
"2014-09-07 00:00:00","6,000","210,200","-2.6401111625752662","nan","17,220","624,381","-2.459519625073227","nan","1,898","67,718","2.2312801932366995","nan","5,144","171,077","-3.625213915732104"
"2014-09-14 00:00:00","5,800","216,000","-2.658855340243349","nan","18,635","643,016","-2.4500656890676993","nan","1,996","69,714","3.0586148274077942","nan","4,579","175,656","-3.624978630301854"
"2014-09-21 00:00:00","6,300","222,300","-2.4572180781044324","nan","18,317","661,333","-2.319663002667511","nan","2,025","71,739","3.076237822925947","nan","4,725","180,381","-3.7749007179355942"
"2014-09-28 00:00:00","5,500","227,800","-2.607952116289013","nan","18,507","679,840","-2.098466040333406","nan","2,093","73,832","3.784087714366052","nan","4,368","184,749","-3.961615836066784"
"2014-10-05 00:00:00","5,700","233,500","-2.7893422148209766","nan","15,159","694,999","-2.0493559207373835","nan","1,727","75,559","3.5012259770146272","nan","4,614","189,364","-4.085339959178228"
"2014-10-12 00:00:00","5,500","239,000","-2.8850060950832983","nan","20,528","715,527","-1.929537215342549","nan","2,085","77,644","3.725870015363043","nan","4,657","194,021","-3.923868333931523"
"2014-10-19 00:00:00","6,000","245,000","-2.816342721142405","nan","19,115","734,642","-1.694357316433468","nan","1,939","79,583","3.414982782145401","nan","5,214","199,236","-3.7208689620816813"
"2014-10-26 00:00:00","5,900","250,900","-2.676493405740885","nan","19,052","753,694","-1.4743023274054536","nan","1,997","81,580","3.8190865243894763","nan","4,344","203,580","-4.000610990622619"
"2014-11-02 00:00:00","6,000","256,900","-2.6893939393939377","nan","18,618","772,312","-1.1301431241518856","nan","1,794","83,374","3.567613227000564","nan","4,890","208,470","-3.7143266224199323"
"2014-11-09 00:00:00","5,900","262,800","-2.666666666666657","nan","19,174","791,486","-0.9610018444228103","nan","2,308","85,682","4.2918350455231575","nan","4,811","213,282","-3.5891531320910417"
"2014-11-16 00:00:00","5,900","268,700","-2.64492753623189","nan","19,127","810,613","-0.7212474678567844","nan","2,045","87,727","4.613751818550412","nan","4,695","217,977","-3.5516878864869597"
"2014-11-23 00:00:00","5,800","274,500","-2.5213068181818272","nan","20,240","830,853","-0.43523850039245815","nan","2,206","89,933","4.820681375805691","nan","4,195","222,173","-3.7401738095262687"
"2014-11-30 00:00:00","6,100","280,600","-2.3660403618649894","nan","18,068","848,921","-0.2713716958146506","nan","2,004","91,937","5.380374356681898","nan","4,949","227,122","-3.769595796966371"
"2014-12-06 00:00:00","5,700","286,300","-2.4531516183986355","nan","19,015","867,936","-0.06735588431368456","nan","2,145","94,082","5.938654175299533","nan","4,704","231,827","-3.702431269340508"
"2014-12-13 00:00:00","5,800","292,100","-2.6333333333333258","nan","17,704","885,640","-0.06443160827387828","nan","2,583","96,665","6.224107427390905","nan","4,950","236,777","-3.729227158896748"
"2014-12-20 00:00:00","5,800","297,900","-2.4238453979692167","nan","18,932","904,572","-0.03536333617712728","nan","479","97,144","6.2368084338535255","nan","4,089","240,867","-3.69874286851622"
"2014-12-27 00:00:00","3,200","301,100","-2.240259740259745","nan","6,934","911,506","0.07927236315086361","nan","148","97,292","6.273143344001568","nan","1,803","242,670","-3.6847849814451337"
"2015-01-03 00:00:00","3,600","3,600","-21.73913043478261","nan","10,651","10,651","-20.556425747743717","nan","1,706","1,706","21.07877927608233","nan","2,672","2,672","-5.646486787793236"
"2015-01-10 00:00:00","6,300","9,900","-13.157894736842096","nan","24,506","35,157","-1.0915740610493714","nan","2,387","4,093","9.643718189124044","nan","4,979","7,652","-17.312953049878757"
"2015-01-17 00:00:00","6,200","16,100","-7.47126436781609","nan","20,792","55,949","3.915231886480555","nan","2,143","6,236","11.896644536156458","nan","5,308","12,961","-13.405174293419947"
"2015-01-24 00:00:00","5,500","21,600","-8.474576271186436","nan","18,724","74,673","4.423157600335628","nan","2,124","8,360","9.797741003414771","nan","4,660","17,621","-9.472827464148878"
"2015-01-31 00:00:00","5,800","27,400","-5.841924398625437","nan","18,774","93,447","5.960993309899081","nan","2,116","10,476","7.888774459320274","nan","4,497","22,119","-10.034165785406316"
"2015-02-07 00:00:00","6,100","33,500","-4.285714285714278","nan","19,171","112,618","7.209291256128324","nan","1,989","12,465","10.397661854574451","nan","4,703","26,822","-8.740871250376117"
"2015-02-14 00:00:00","5,800","39,300","-2.962962962962962","nan","19,314","131,932","7.113745230169684","nan","1,865","14,330","8.355387523629503","nan","4,649","31,472","-7.969659119539941"
"2015-02-21 00:00:00","5,700","45,000","-3.433476394849791","nan","18,484","150,416","6.985312422205638","nan","1,967","16,297","8.465890183028279","nan","4,856","36,328","-5.623328362813567"
"2015-02-28 00:00:00","5,800","50,800","-2.8680688336520035","nan","19,450","169,866","7.269110542767848","nan","1,821","18,118","8.147794424879123","nan","4,886","41,215","-6.312511365702832"
"2015-03-07 00:00:00","6,200","57,000","-2.3972602739726057","nan","20,557","190,423","9.159959643209277","nan","2,060","20,178","10.868131868131869","nan","4,836","46,051","-5.797853747710079"
"2015-03-14 00:00:00","6,100","63,100","-2.1705426356589186","nan","19,378","209,801","8.76548138086919","nan","2,026","22,204","11.477055929310168","nan","5,271","51,323","-5.390610739918358"
"2015-03-21 00:00:00","6,200","69,300","-2.118644067796609","nan","18,509","228,310","8.304396501015148","nan","1,766","23,970","11.696178937558258","nan","4,409","55,732","-5.181266508642111"
"2015-03-28 00:00:00","6,500","75,800","-1.558441558441558","nan","18,769","247,079","7.963592508761039","nan","2,190","26,160","11.623143881208392","nan","5,022","60,755","-4.75033315042721"
"2015-04-04 00:00:00","3,100","78,900","-4.825090470446327","nan","17,070","264,149","7.35931263767975","nan","1,967","28,127","12.68830128205127","nan","3,837","64,592","-6.190635996706206"
"2015-04-11 00:00:00","6,100","85,000","-4.921700223713643","nan","18,156","282,305","6.750134238846826","nan","1,758","29,885","10.562338142804293","nan","4,220","68,813","-6.828859296711499"
"2015-04-18 00:00:00","6,100","91,100","-1.5135135135135158","nan","20,599","302,904","8.477538391015344","nan","2,163","32,048","10.437988903821633","nan","4,991","73,804","-5.814449163727701"
"2015-04-25 00:00:00","6,500","97,600","-0.8130081300813004","nan","18,380","321,284","7.94056086195485","nan","2,071","34,119","11.803257200904397","nan","5,030","78,835","-4.163889565006144"
"2015-05-02 00:00:00","4,300","101,900","-2.5812619502868017","nan","17,232","338,516","7.926224673606356","nan","2,431","36,550","12.64870862355913","nan","4,629","83,465","-4.999032518752031"
"2015-05-09 00:00:00","7,200","109,100","-2.1524663677130036","nan","19,346","357,862","7.36643774995575","nan","1,788","38,338","12.964818197890253","nan","4,411","87,876","-5.274122862509103"
"2015-05-16 00:00:00","3,400","112,500","-3.7639007698887923","nan","15,695","373,557","6.623643146444564","nan","2,090","40,428","12.965239745165974","nan","4,597","92,474","-5.62146095894181"
"2015-05-23 00:00:00","6,500","119,000","-4.032258064516128","nan","21,054","394,611","7.177952268301354","nan","2,063","42,491","12.809961238252","nan","4,856","97,331","-5.40869238627063"
"2015-05-30 00:00:00","6,100","125,100","-2.265625","nan","16,383","410,994","7.3335196245622285","nan","2,193","44,684","11.788251776243357","nan","4,114","101,446","-5.424000596658672"
"2015-06-06 00:00:00","5,600","130,700","-2.0239880059969977","nan","18,207","429,201","6.767214680706573","nan","2,136","46,820","11.606397940454343","nan","4,835","106,281","-5.101974384792086"
"2015-06-13 00:00:00","6,300","137,000","-1.367890568754504","nan","18,131","447,332","7.3304861077786825","nan","2,300","49,120","11.565367493413277","nan","5,258","111,539","-4.573984588681867"
"2015-06-20 00:00:00","5,900","142,900","-1.243953006219769","nan","17,199","464,531","6.974157505192906","nan","2,050","51,170","11.763934999126334","nan","4,946","116,486","-3.74235765236854"
"2015-06-27 00:00:00","5,900","148,800","-1.5873015873015959","nan","17,355","481,886","6.6532396392408515","nan","2,176","53,346","11.836477987421375","nan","5,025","121,512","-3.5420007303093826"
"2015-07-04 00:00:00","6,400","155,200","-1.6476552598225567","nan","16,833","498,719","6.414726366460684","nan","2,325","55,671","12.104309303262184","nan","4,181","125,693","-3.3621063904600277"
"2015-07-11 00:00:00","5,700","160,900","-1.650366748166249","nan","15,744","514,463","5.8350253754893515","nan","2,334","58,005","12.132459548802416","nan","4,544","130,237","-3.4651870701490424"
"2015-07-18 00:00:00","5,900","166,800","-1.4766686355581697","nan","16,987","531,450","5.824583481846844","nan","1,739","59,744","11.042135196922104","nan","4,085","134,323","-3.643763900122309"
"2015-07-25 00:00:00","5,400","172,200","-1.5999999999999943","nan","16,902","548,352","5.911801971630766","nan","2,464","62,208","11.182999410198207","nan","4,625","138,949","-3.5500552922302546"
"2015-08-01 00:00:00","5,400","177,600","-1.7699115044247833","nan","17,434","565,786","5.637302952054995","nan","2,222","64,430","11.46865971176969","nan","5,543","144,493","-2.758560353181821"
"2015-08-08 00:00:00","5,500","183,100","-1.6648764769065565","nan","15,763","581,549","5.220981629946465","nan","1,810","66,240","11.213713671697917","nan","4,743","149,236","-2.4496194147522914"
"2015-08-15 00:00:00","5,500","188,600","-1.6684045881126224","nan","16,508","598,057","4.823893363246782","nan","2,094","68,334","11.018325968286973","nan","4,172","153,408","-2.554931392021061"
"2015-08-22 00:00:00","5,500","194,100","-1.9696969696969688","nan","17,457","615,514","4.550874606350703","nan","2,224","70,558","10.952463321434763","nan","4,873","158,282","-2.163343201822215"
"2015-08-29 00:00:00","5,900","200,000","-2.0568070519098853","nan","18,636","634,150","4.445114228351301","nan","2,217","72,775","10.566697052567605","nan","4,543","162,826","-1.8724424918490854"
"2015-09-05 00:00:00","5,700","205,700","-2.140818268315897","nan","17,731","651,881","4.404362080204223","nan","1,849","74,624","10.198174783661656","nan","4,906","167,732","-1.9551052363203496"
"2015-09-12 00:00:00","5,300","211,000","-2.3148148148148096","nan","18,851","670,732","4.310312651629204","nan","2,315","76,939","10.363771982672063","nan","4,934","172,666","-1.7019974142206848"
"2015-09-19 00:00:00","6,000","217,000","-2.3841655420602734","nan","18,848","689,580","4.271221910898149","nan","2,136","79,075","10.225957986590274","nan","5,302","177,969","-1.337115318384832"
"2015-09-26 00:00:00","5,800","222,800","-2.194907813871822","nan","18,678","708,258","4.180101200282422","nan","1,925","81,000","9.708527467764654","nan","5,088","183,058","-0.9158322056833299"
"2015-10-03 00:00:00","6,000","228,800","-2.0128479657387572","nan","18,578","726,836","4.580869900532235","nan","2,184","83,184","10.091451713230711","nan","4,757","187,815","-0.8181979655158074"
"2015-10-10 00:00:00","5,900","234,700","-1.7991631799163201","nan","19,861","746,697","4.356229743950962","nan","2,031","85,215","9.750914429962393","nan","4,821","192,636","-0.7139156935485431"
"2015-10-17 00:00:00","5,600","240,300","-1.9183673469387799","nan","19,316","766,013","4.270243193283264","nan","1,947","87,162","9.523390673887633","nan","5,304","197,940","-0.6503009042071"
"2015-10-24 00:00:00","5,300","245,600","-2.1123953766440877","nan","18,464","784,477","4.0842835421271815","nan","2,001","89,163","9.29517038489827","nan","4,727","202,668","-0.44811569909391835"
"2015-10-31 00:00:00","5,900","251,500","-2.1019852082522306","nan","18,743","803,220","4.002009550544344","nan","1,927","91,090","9.254683714347394","nan","5,448","208,117","-0.16980779101166377"
"2015-11-07 00:00:00","5,600","257,100","-2.1689497716894977","nan","18,342","821,867","3.838475980623784","nan","1,810","92,900","8.424173105202954","nan","4,850","212,967","-0.14749130619586026"
"2015-11-14 00:00:00","5,600","262,700","-2.2329735764793526","nan","18,859","840,726","3.714842964521921","nan","2,189","95,089","8.391943187388136","nan","4,910","217,878","-0.04541476939358802"
"2015-11-21 00:00:00","5,600","268,300","-2.258652094717675","nan","19,060","859,786","3.4823247915094555","nan","2,037","97,126","7.998176420223928","nan","5,179","223,057","0.39815075561068625"
"2015-11-28 00:00:00","provisional","na","na","nan","18,696","878,482","3.4821850325295287","nan","2,234","99,360","8.074007200582997","nan","4,776","227,834","0.31304623485955574"
"2015-12-05 00:00:00","na","na","na","nan","18,342","896,824","3.3283560078162395","nan","2,018","101,378","7.7549371824578515","nan","5,324","233,158","0.5744777400710035"
"2015-12-12 00:00:00","na","na","na","nan","20,105","916,929","3.532925342125452","nan","2,457","103,835","7.417369264987329","nan","5,822","238,981","0.9305211428657287"
"2015-12-19 00:00:00","na","na","na","nan","20,816","937,745","3.6672592120914516","nan","746","104,581","7.655645227703218","nan","3,664","242,645","0.7380337832021127"
"2015-12-26 00:00:00","na","na","na","nan","11,481","949,226","4.138206440769451","nan","138","104,719","7.633721169263666","nan","1,946","244,592","0.7916067432862093"
"2016-01-02 00:00:00","na","na","na","nan","13,486","13,486","26.617219040465685","nan","947","947","-44.490035169988275","nan","3,136","3,136","17.356878226516926"
"2016-01-09 00:00:00","na","na","na","nan","21,164","34,650","-1.4421025684785462","nan","2,568","3,515","-14.121671145858784","nan","5,375","8,512","11.231964885234106"
"2016-01-16 00:00:00","na","na","na","nan","21,570","56,220","0.48436969382829886","nan","2,212","5,727","-8.162283515073767","nan","6,138","14,651","13.03802353189026"
"2016-01-23 00:00:00","na","na","na","nan","17,591","73,811","-1.1543663707096243","nan","2,134","7,861","-5.9688995215311","nan","5,530","20,181","14.526569144547523"
"2016-01-30 00:00:00","na","na","na","nan","18,963","92,774","-0.7201943347565987","nan","2,126","9,987","-4.66781214203894","nan","4,948","25,130","13.612731136127309"
"2016-02-06 00:00:00","na","na","na","nan","18,917","111,691","-0.8231366211440445","nan","1,945","11,932","-4.275972723626154","nan","5,868","30,998","15.566797014634787"
"2016-02-13 00:00:00","na","na","na","nan","17,846","129,537","-1.815329108934904","nan","1,760","13,692","-4.452198185624567","nan","5,476","36,474","15.895349401101328"
"2016-02-20 00:00:00","na","na","na","nan","19,149","148,686","-1.1501436017444888","nan","2,082","15,774","-3.209179603608021","nan","5,366","41,841","15.17548814758733"
"2016-02-27 00:00:00","na","na","na","nan","18,831","167,517","-1.3828547207799176","nan","1,898","17,672","-2.4616403576553694","nan","4,686","46,527","12.889373015187616"
"2016-03-05 00:00:00","na","na","na","nan","19,432","186,949","-1.824359452377081","nan","2,024","19,696","-2.3887402121122108","nan","5,386","51,913","12.729504725954271"
"2016-03-12 00:00:00","na","na","na","nan","18,697","205,646","-1.9804481389507202","nan","1,826","21,522","-3.071518645289146","nan","5,929","57,843","12.70322665781066"
"2016-03-19 00:00:00","na","na","na","nan","19,259","224,905","-1.4913932810652284","nan","1,707","23,229","-3.091364205256582","nan","5,366","63,210","13.416622630162934"
"2016-03-26 00:00:00","na","na","na","nan","16,676","241,581","-2.2251992277773525","nan","1,788","25,017","-4.36926605504587","nan","3,334","66,544","9.529988925287995"
"2016-04-02 00:00:00","na","na","na","nan","20,180","261,761","-0.9040352225448487","nan","1,814","26,831","-4.607672343300024","nan","5,724","72,269","11.884747906959234"
"2016-04-09 00:00:00","na","na","na","nan","20,602","282,363","0.0205451550627771","nan","1,869","28,700","-3.9651999330767893","nan","5,614","77,883","13.1817206614069"
"2016-04-16 00:00:00","na","na","na","nan","19,416","301,779","-0.3714048015212654","nan","2,054","30,754","-4.037693459810285","nan","5,360","83,244","12.790412132130655"
"2016-04-23 00:00:00","na","na","na","nan","18,944","320,723","-0.1746118698721375","nan","1,800","32,554","-4.586887071719573","nan","4,945","88,189","11.86628086561376"
"2016-04-30 00:00:00","na","na","na","nan","19,824","340,547","0.5999716409268672","nan","1,747","34,301","-6.153214774281807","nan","5,256","93,446","11.958637574329842"
"2016-05-07 00:00:00","na","na","na","nan","16,057","356,604","-0.3515321548529897","nan","1,371","35,672","-6.953936042568728","nan","4,360","97,806","11.299804249288698"
"2016-05-14 00:00:00","na","na","na","nan","20,102","376,706","0.8429771092497162","nan","1,919","37,591","-7.017413673691493","nan","4,928","102,734","11.095317909678897"
"2016-05-21 00:00:00","na","na","na","nan","17,568","394,274","-0.08540055903155519","nan","1,970","39,561","-6.89557788708197","nan","5,190","107,925","10.88509969897342"
"2016-05-28 00:00:00","na","na","na","nan","18,056","412,330","0.32506557273342196","nan","1,710","41,271","-7.638080744785597","nan","4,879","112,804","11.196752822748365"
"2016-06-04 00:00:00","na","na","na","nan","18,285","430,615","0.32944937220555914","nan","1,796","43,067","-8.015805211448097","nan","4,277","117,081","10.161640270456232"
"2016-06-11 00:00:00","na","na","na","nan","17,286","447,901","0.12719859075585305","nan","1,649","44,716","-8.965798045602597","nan","5,600","122,682","9.98999159902256"
"2016-06-18 00:00:00","na","na","na","nan","17,180","465,081","0.11839898736573673","nan","1,768","46,484","-9.157709595466088","nan","5,269","127,951","9.842718156463903"
"2016-06-25 00:00:00","na","na","na","nan","17,703","482,784","0.1863511286901911","nan","1,888","48,372","-9.324035541558885","nan","5,493","133,445","9.820706421482512"
"2016-07-02 00:00:00","na","na","na","nan","17,661","500,445","0.3460866740589381","nan","1,605","49,977","-10.227946327531384","nan","4,991","138,436","10.13814722566056"
"2016-07-09 00:00:00","na","na","na","nan","16,940","517,385","0.5679708744846579","nan","1,796","51,773","-10.743901387811391","nan","5,096","143,533","10.208550686014377"
"2016-07-16 00:00:00","na","na","na","nan","16,515","533,900","0.461002916549063","nan","1,762","53,535","-10.39267541510445","nan","4,315","147,849","10.069690488575588"
"2016-07-23 00:00:00","na","na","na","nan","16,556","550,456","0.38369514472455535","nan","2,006","55,541","-10.717271090534979","nan","4,050","151,900","9.32064680056287"
"2016-07-30 00:00:00","na","na","na","nan","15,566","566,022","0.04171188399854486","nan","1,877","57,418","-10.88312897718454","nan","4,243","156,143","8.06318754554097"
"2016-08-06 00:00:00","na","na","na","nan","17,255","583,277","0.29713747250876565","nan","1,402","58,820","-11.201690821256037","nan","4,813","160,957","7.85409275349231"
"2016-08-13 00:00:00","na","na","na","nan","15,707","598,984","0.155001947974867","nan","2,178","60,998","-10.735505019463218","nan","4,075","165,033","7.57747096154354"
"2016-08-20 00:00:00","na","na","na","nan","15,454","614,438","-0.174813245515125","nan","1,582","62,580","-11.307009835879697","nan","4,745","169,778","7.262870756357472"
"2016-08-27 00:00:00","na","na","na","nan","16,783","631,221","-0.4618781045493989","nan","1,845","64,425","-11.473720371006522","nan","3,793","173,572","6.599798860964356"
"2016-09-03 00:00:00","na","na","na","nan","16,180","647,401","-0.6872419966220775","nan","1,861","66,286","-11.173349056603783","nan","3,771","177,343","5.730122545595123"
"2016-09-10 00:00:00","na","na","na","nan","17,021","664,422","-0.9407632258487695","nan","1,779","68,065","-11.533812500812331","nan","5,736","183,080","6.031081081314085"
"2016-09-17 00:00:00","na","na","na","nan","16,643","681,065","-1.2348095942457746","nan","1,702","69,767","-11.771103382864368","nan","4,936","188,016","5.645439647324096"
"2016-09-24 00:00:00","na","na","na","nan","17,745","698,810","-1.333977166512767","nan","1,454","71,221","-12.07283950617284","nan","4,818","192,835","5.34143644764012"
"2016-10-01 00:00:00","na","na","na","nan","17,008","715,818","-1.5158852891161132","nan","1,980","73,201","-12.001105981919608","nan","5,458","198,294","5.579662483774072"
"2016-10-08 00:00:00","na","na","na","nan","16,292","732,110","-1.9535367089997635","nan","1,785","74,986","-12.003755207416532","nan","4,254","202,548","5.145583657596333"
"2016-10-15 00:00:00","na","na","na","nan","17,138","749,248","-2.1886051542206246","nan","1,717","76,703","-11.999495192859271","nan","4,820","207,369","4.763343041824811"
"2016-10-22 00:00:00","na","na","na","nan","16,802","766,050","-2.3489535066037632","nan","1,953","78,656","-11.784035979049605","nan","4,342","211,711","4.462144336934529"
"2016-10-29 00:00:00","na","na","na","nan","16,817","782,867","-2.53392594805905","nan","1,624","80,280","-11.867383906027001","nan","4,554","216,266","3.9156753571129173"
"2016-11-05 00:00:00","na","na","na","nan","16,073","798,940","-2.7896241119305216","nan","1,566","81,846","-11.898815931108714","nan","5,309","221,575","4.041917359523012"
"2016-11-12 00:00:00","na","na","na","nan","17,166","816,106","-2.928421388181164","nan","2,088","83,934","-11.731115060627417","nan","4,489","226,064","3.7571993635301766"
"2016-11-19 00:00:00","na","na","na","nan","15,806","831,912","-3.241969513344017","nan","1,405","85,339","-12.135782385766944","nan","5,465","231,530","3.7982951088165464"
"2016-11-26 00:00:00","na","na","na","nan","17,113","849,025","-3.353170582891849","nan","1,893","87,232","-12.206119162640903","nan","5,325","236,855","3.959620820550782"
"2016-12-03 00:00:00","na","na","na","nan","16,110","865,135","-3.5334692202706464","nan","1,612","88,844","-12.363629189765035","nan","5,104","241,959","3.774559663522254"
"2016-12-10 00:00:00","na","na","na","nan","16,701","881,836","-3.827231988518193","nan","1,842","90,686","-12.663360138681568","nan","4,607","246,566","3.174177027254075"
"2016-12-17 00:00:00","na","na","na","nan","17,487","899,323","-4.097275911895025","nan","2,147","92,833","-11.233398035972115","nan","4,842","251,409","3.611667139283597"
"2016-12-24 00:00:00","na","na","na","nan","7,080","906,403","-4.511359781548336","nan","837","93,670","-10.551093879811688","nan","4,069","255,478","4.450867633626146"
"2016-12-31 00:00:00","na","na","na","nan","11,656","918,059","na *","nan","951","94,621","na *","nan","1,781","257,259","na *"
"2017-01-07 00:00:00","na","na","na","nan","15,222","15,222","-28.07597807597808","nan","1,680","1,680","-34.57943925233645","nan","3,655","3,655","-31.996685191785257"
"2017-01-14 00:00:00","na","na","na","nan","16,471","31,693","-25.83657041231806","nan","2,110","3,790","-20.711297071129707","nan","5,382","9,037","-21.509659683677672"
"2017-01-21 00:00:00","na","na","na","nan","16,138","47,831","-20.711147948611686","nan","2,145","5,935","-14.159676019670231","nan","4,822","13,860","-18.680658897778514"
"2017-01-28 00:00:00","na","na","na","nan","13,588","61,419","-22.53682776712743","nan","1,798","7,733","-14.457964601769913","nan","4,314","18,175","-17.359564919094993"
"2017-02-04 00:00:00","na","na","na","nan","16,361","77,780","-20.798330023929534","nan","1,669","9,402","-14.410559854346838","nan","4,468","22,643","-18.728301649290536"
"2017-02-11 00:00:00","na","na","na","nan","15,665","93,445","-19.479366830100563","nan","1,484","10,886","-14.586112200863088","nan","4,535","27,178","-18.474562594096934"
"2017-02-18 00:00:00","na","na","na","nan","15,392","108,837","-19.49926035502959","nan","1,760","12,646","-14.709651311796046","nan","4,390","31,569","-18.435525978422994"
"2017-02-25 00:00:00","na","na","na","nan","16,181","125,018","-18.835818763755352","nan","1,641","14,287","-14.576980568011955","nan","4,165","35,734","-17.64522085495479"
"2017-03-04 00:00:00","na","na","na","nan","15,358","140,376","-19.07438473910863","nan","1,822","16,109","-14.080750973385248","nan","5,031","40,765","-16.42524571302617"
"2017-03-11 00:00:00","na","na","na","nan","16,809","157,185","-18.200978351373852","nan","1,385","17,494","-14.97448359659781","nan","4,528","45,294","-17.204971552032966"
"2017-03-18 00:00:00","na","na","na","nan","15,392","172,577","-18.372047923791147","nan","1,705","19,199","-13.836280405708646","nan","4,336","49,630","-17.384010755514556"
"2017-03-25 00:00:00","na","na","na","nan","16,390","188,967","-17.154255902146033","nan","1,791","20,990","-12.796011632737848","nan","4,920","54,550","-13.968964892990243"
"2017-04-01 00:00:00","na","na","na","nan","16,062","205,029","-17.41858825898701","nan","1,867","22,857","-11.69448307834956","nan","4,874","59,425","-14.04110187596177"
"2017-04-08 00:00:00","na","na","na","nan","17,395","222,424","-17.27667297686303","nan","1,806","24,663","-11.133931466868452","nan","4,545","63,971","-14.416611264296842"
"2017-04-15 00:00:00","na","na","na","nan","15,580","238,004","-17.4437117793356","nan","1,812","26,475","-11.178582212232024","nan","3,846","67,817","-15.342708867545552"
"2017-04-22 00:00:00","na","na","na","nan","15,122","253,126","-17.61213655907329","nan","1,638","28,113","-11.054513240737807","nan","4,002","71,819","-15.558907352346097"
"2017-04-29 00:00:00","na","na","na","nan","17,344","270,470","-17.30288845200131","nan","2,277","30,390","-8.886490375966904","nan","4,953","76,773","-14.988859588468584"
"2017-05-06 00:00:00","na","na","na","nan","16,825","287,295","-16.2693300846939","nan","1,467","31,857","-8.259179265658744","nan","3,822","80,595","-14.867204398708811"
"2017-05-13 00:00:00","na","na","na","nan","16,903","304,198","-16.24965585595507","nan","1,863","33,720","-7.979478222901426","nan","4,366","84,961","-14.69573141797248"
"2017-05-20 00:00:00","na","na","na","nan","17,194","321,392","-15.598180614935341","nan","1,800","35,520","-8.012637903351116","nan","4,381","89,343","-14.739826420759371"
"2017-05-27 00:00:00","na","na","na","nan","13,541","334,933","-16.02405953204762","nan","2,066","37,586","-6.790000991965083","nan","4,329","93,672","-14.585366590749071"
"2017-06-03 00:00:00","na","na","na","nan","17,965","352,898","-15.39835398641667","nan","1,452","39,038","-7.317188983855649","nan","3,763","97,435","-14.488713823361953"
"2017-06-10 00:00:00","na","na","na","nan","14,864","367,762","-15.343162644015518","nan","1,653","40,691","-7.0323745116406595","nan","4,949","102,385","-14.354626223359501"
"2017-06-17 00:00:00","na","na","na","nan","16,944","384,706","-14.811722893300416","nan","1,698","42,389","-6.913059709686631","nan","5,013","107,398","-13.953529660123065"
"2017-06-24 00:00:00","na","na","na","nan","16,489","401,195","-14.511674884614889","nan","1,733","44,122","-6.964681075382185","nan","4,557","111,956","-14.083851203943276"
"2017-07-01 00:00:00","na","na","na","nan","16,985","418,180","-14.124187046548064","nan","1,953","46,075","-6.026922292473991","nan","5,218","117,174","-13.396179427574417"
"2017-07-08 00:00:00","na","na","na","nan","16,298","434,478","-13.776768757231117","nan","1,846","47,921","-5.715578640853103","nan","4,242","121,417","-13.518154225691259"
"2017-07-15 00:00:00","na","na","na","nan","17,311","451,789","-13.1866168089252","nan","1,605","49,526","-5.82262113029588","nan","4,966","126,383","-12.665665007445792"
"2017-07-22 00:00:00","na","na","na","nan","16,326","468,115","-12.822876510792035","nan","1,800","51,326","-5.986005788181847","nan","3,982","130,365","-12.36689821301199"
"2017-07-29 00:00:00","na","na","na","nan","16,892","485,007","-12.221647096297794","nan","1,984","53,310","-5.597563351100565","nan","4,514","134,879","-11.847152708078657"
"2017-08-05 00:00:00","na","na","na","nan","16,090","501,097","-12.05599948051127","nan","1,756","55,066","-4.850275603476573","nan","4,506","139,386","-11.680809486229016"
"2017-08-12 00:00:00","na","na","na","nan","16,308","517,405","-11.629928710260328","nan","1,645","56,711","-5.561939018500938","nan","4,213","143,599","-11.301702853376872"
"2017-08-19 00:00:00","na","na","na","nan","16,088","533,493","-11.225355768846768","nan","1,937","58,648","-4.84318465756981","nan","5,000","148,600","-10.82648557986996"
"2017-08-26 00:00:00","na","na","na","nan","18,121","551,614","-10.703780747407865","nan","1,617","60,265","-5.061596143545799","nan","4,748","153,349","-10.025005835742995"
"2017-09-02 00:00:00","na","na","na","nan","17,075","568,689","-10.289392110929697","nan","2,056","62,321","-4.618987128667406","nan","5,021","158,370","-9.090544310412385"
"2017-09-09 00:00:00","na","na","na","nan","19,026","587,715","-9.712321948701563","nan","2,125","64,446","-3.9810483029887656","nan","4,966","163,337","-9.228762463261319"
"2017-09-16 00:00:00","na","na","na","nan","17,776","605,491","-9.300472303652452","nan","2,013","66,459","-3.4306887532693953","nan","5,079","168,416","-8.904903125997954"
"2017-09-23 00:00:00","na","na","na","nan","19,254","624,745","-8.839468630895752","nan","1,678","68,137","-3.0409539801348973","nan","4,952","173,368","-8.608501526861701"
"2017-09-30 00:00:00","na","na","na","nan","17,223","641,968","-8.594795623722117","nan","1,887","70,024","-3.086334320591244","nan","4,270","177,638","-8.976818607685843"
"2017-10-07 00:00:00","na","na","na","nan","16,918","658,886","-8.312831188493563","nan","1,861","71,885","-2.9092775429165663","nan","4,618","182,257","-8.602373782168083"
"2017-10-14 00:00:00","na","na","na","nan","18,806","677,692","-7.892497845770774","nan","1,887","73,772","-2.6189344738370535","nan","4,421","186,679","-8.594676207317132"
"2017-10-21 00:00:00","na","na","na","nan","18,263","695,955","-7.5221509399865045","nan","1,777","75,549","-2.7796008184380216","nan","4,728","191,407","-8.230552472604524"
"2017-10-28 00:00:00","na","na","na","nan","17,808","713,763","-7.228928190324435","nan","2,056","77,605","-2.178160412438712","nan","4,383","195,791","-8.134804584050393"
"2017-11-04 00:00:00","na","na","na","nan","15,474","729,237","-7.157261914765223","nan","1,743","79,348","-1.9172054042695175","nan","5,400","201,191","-7.8954553641736425"
"2017-11-11 00:00:00","na","na","na","nan","19,165","748,402","-6.7551269592085905","nan","1,838","81,186","-2.1702194319592194","nan","5,534","206,726","-7.267396319451258"
"2017-11-18 00:00:00","na","na","na","nan","17,667","766,069","-6.397279656315902","nan","1,798","82,984","-1.6684045881126153","nan","4,756","211,483","-7.404074319490894"
"2017-11-25 00:00:00","na","na","na","nan","17,445","783,514","-6.226519647796214","nan","1,972","84,956","-1.5402445384481656","nan","4,992","216,475","-7.377524875541774"
"2017-12-02 00:00:00","na","na","na","nan","17,204","800,718","-5.980280608560573","nan","1,681","86,637","-1.4334960237550765","nan","5,533","222,009","-7.040074326459367"
"2017-12-09 00:00:00","na","na","na","nan","16,876","817,594","-5.845108539183508","nan","1,681","88,318","-1.5834809837417363","nan","5,191","227,201","-6.666786186855034"
"2017-12-16 00:00:00","na","na","na","nan","18,884","836,478","-5.5720183284283635","nan","2,286","90,604","-1.3952071044555203","nan","5,990","233,191","-6.074156862002433"
"2017-12-23 00:00:00","na","na","na","nan","18,204","854,682","-4.2820329325122035","nan","590","91,194","-1.648997551847975","nan","5,235","238,427","-5.514174879235057"
"2017-12-30 00:00:00","na","na","na","nan","9,382","864,064","na ","nan","na","na","na","nan","1,545","239,972","-5.5681629990289805"
"2018-01-06 00:00:00","na","na","na","nan","17,871","17,871","17.402443831296807","nan","1,876","1,876","11.666666666666671","nan","3,431","3,431","-6.14171434028663"
"2018-01-13 00:00:00","na","na","na","nan","20,169","38,040","20.02650427539203","nan","2,073","3,949","4.195250659630602","nan","6,250","9,681","7.119854379792279"
"2018-01-20 00:00:00","na","na","na","nan","18,618","56,658","18.45455875896384","nan","1,724","5,673","-4.414490311710196","nan","4,328","14,010","1.0784690733352198"
"2018-01-27 00:00:00","na","na","na","nan","18,315","74,973","22.068089679089525","nan","1,905","7,578","-2.0043967412388497","nan","4,608","18,618","2.440260197726407"
"2018-02-03 00:00:00","na","na","na","nan","17,954","92,927","19.474157881203396","nan","2,266","9,844","4.701127419697926","nan","4,666","23,285","2.835367742906114"
"2018-02-10 00:00:00","na","na","na","nan","17,456","110,383","18.12617047461073","nan","1,877","11,721","7.670402351644313","nan","4,599","27,884","2.595948701648476"
"2018-02-17 00:00:00","na","na","na","nan","16,962","127,345","17.00524637761056","nan","1,935","13,656","7.986715166851184","nan","4,445","32,329","2.4083855382926345"
"2018-02-24 00:00:00","na","na","na","nan","19,350","146,695","17.33910316914364","nan","1,930","15,586","9.092181703646673","nan","5,005","37,335","4.480224621010831"
"2018-03-03 00:00:00","nan","nan","nan","nan","16,977","163,672","16.595429418134145","nan","nan","nan","nan","nan","3,705","41,040","0.6743990656344456"
"2018-03-10 00:00:00","nan","nan","nan","nan","18,576","182,248","15.94490568438465","nan","nan","nan","nan","nan","4,747","45,787","1.0900235067697883"
"2018-03-17 00:00:00","nan","nan","nan","nan","19,198","201,446","16.728185099984344","nan","nan","nan","nan","nan","6,089","51,877","4.528439922436767"
"2018-03-24 00:00:00","nan","nan","nan","nan","17,419","218,865","15.821810157329068","nan","nan","nan","nan","nan","4,772","56,650","3.848456931264277"
"2018-03-31 00:00:00","nan","nan","nan","nan","16,859","235,724","14.971052875446887","nan","nan","nan","nan","nan","4,730","61,380","3.290809039263465"
"2018-04-07 00:00:00","nan","nan","nan","nan","17,455","253,179","13.82719490702442","nan","nan","nan","nan","nan","4,126","65,506","2.400966475046018"
"2018-04-14 00:00:00","nan","nan","nan","nan","18,882","272,061","14.309423371035777","nan","nan","nan","nan","nan","6,307","71,814","5.893638122906553"
"2018-04-21 00:00:00","nan","nan","nan","nan","17,313","289,374","14.320140957467828","nan","nan","nan","nan","nan","4,792","76,606","6.665689940395736"
"2018-04-28 00:00:00","nan","nan","nan","nan","17,757","307,131","13.554553185196141","nan","nan","nan","nan","nan","5,487","82,094","6.931723925315714"
"2018-05-05 00:00:00","nan","nan","nan","nan","15,935","323,066","12.45096503593868","nan","nan","nan","nan","nan","4,536","86,631","7.489860195081066"
"2018-05-12 00:00:00","nan","nan","nan","nan","16,563","339,629","11.647348108797544","nan","nan","nan","nan","nan","4,043","90,675","6.725046130776691"
"2018-05-19 00:00:00","nan","nan","nan","nan","19,413","359,042","11.71466620202122","nan","nan","nan","nan","nan","5,153","95,828","7.2590072515509085"
"2018-05-26 00:00:00","nan","nan","nan","nan","17,094","376,136","12.301863357746171","nan","nan","nan","nan","nan","4,817","100,646","7.445140086524171"
"2018-06-02 00:00:00","nan","nan","nan","nan","16,970","393,106","11.393660491133417","nan","nan","nan","nan","nan","4,232","104,878","7.638948224184672"
"2018-06-09 00:00:00","nan","nan","nan","nan","18,213","411,319","11.84380115400721","nan","nan","nan","nan","nan","5,625","110,504","7.9296855299224145"
"2018-06-16 00:00:00","nan","nan","nan","nan","16,999","428,318","11.336449132584363","nan","nan","nan","nan","nan","5,055","115,559","7.598522992279766"
"2018-06-23 00:00:00","nan","nan","nan","nan","17,756","446,074","11.186330836625586","nan","nan","nan","nan","nan","5,065","120,625","7.743604856698916"
"2018-06-30 00:00:00","nan","nan","nan","nan","18,163","464,237","11.013678320340532","nan","nan","nan","nan","nan","4,214","124,840","6.5419836041475055"
"2018-07-07 00:00:00","nan","nan","nan","nan","16,186","480,423","10.574758675928365","nan","nan","nan","nan","nan","4,835","129,675","6.801314085481369"
"2018-07-14 00:00:00","nan","nan","nan","nan","16,757","497,180","10.046946694142605","nan","nan","nan","nan","nan","4,569","134,245","6.2205398019927305"
"2018-07-21 00:00:00","nan","nan","nan","nan","16,680","513,860","9.772171368146715","nan","nan","nan","nan","nan","4,285","138,531","6.263292499277862"
"2018-07-28 00:00:00","nan","nan","nan","nan","17,275","531,135","9.51079056590936","nan","nan","nan","nan","nan","4,748","143,279","6.2274117733760015"
"2018-08-04 00:00:00","nan","nan","nan","nan","16,272","547,407","9.241723658293694","nan","nan","nan","nan","nan","5,226","148,506","6.543210555957546"
"2018-08-11 00:00:00","nan","nan","nan","nan","18,256","565,663","9.326929581275792","nan","nan","nan","nan","nan","4,604","153,110","6.62351976659088"
"2018-08-18 00:00:00","nan","nan","nan","nan","16,221","581,884","9.070596990026104","nan","nan","nan","nan","nan","4,715","157,825","6.20829907386915"
"2018-08-25 00:00:00","nan","nan","nan","nan","18,574","600,458","8.854742627997098","nan","nan","nan","nan","nan","5,526","163,352","6.523208831976235"
"2018-09-01 00:00:00","nan","nan","nan","nan","18,239","618,697","8.793558517924566","nan","nan","nan","nan","nan","4,034","167,386","5.6930014001661755"
"2018-09-08 00:00:00","nan","nan","nan","nan","17,775","636,472","8.29602783662149","nan","nan","nan","nan","nan","5,594","172,980","5.904129783220657"
"2018-09-15 00:00:00","nan","nan","nan","nan","17,907","654,379","8.074108450827495","nan","nan","nan","nan","nan","5,258","178,239","5.83215824665726"
"2018-09-22 00:00:00","nan","nan","nan","nan","19,093","673,472","7.799502196896341","nan","nan","nan","nan","nan","5,037","183,276","5.714742131412387"
"2018-09-29 00:00:00","nan","nan","nan","nan","18,339","691,811","7.764094160456608","nan","nan","nan","nan","nan","5,065","188,341","6.02494927596775"
"2018-10-06 00:00:00","nan","nan","nan","nan","15,819","707,630","7.397941373773293","nan","nan","nan","nan","nan","5,113","193,454","6.143422576952862"
"2018-10-13 00:00:00","nan","nan","nan","nan","20,459","728,089","7.436564102866797","nan","nan","nan","nan","nan","4,914","198,369","6.262093753339371"
"2018-10-20 00:00:00","nan","nan","nan","nan","19,314","747,403","7.3924319819528534","nan","nan","nan","nan","nan","4,994","203,363","6.246416261674392"
"2018-10-27 00:00:00","nan","nan","nan","nan","18,626","766,029","7.3225986777123495","nan","nan","nan","nan","nan","5,324","208,688","6.586912822599422"
"2018-11-03 00:00:00","nan","nan","nan","nan","17,604","783,633","7.459303354053631","nan","nan","nan","nan","nan","4,948","213,637","6.185746347449528"
"2018-11-10 00:00:00","nan","nan","nan","nan","19,263","802,896","7.281380862156965","nan","nan","nan","nan","nan","5,614","219,251","6.058746668253434"
"2018-11-17 00:00:00","nan","nan","nan","nan","18,466","821,362","7.217757147202136","nan","nan","nan","nan","nan","5,227","224,479","6.145140310030683"
"2018-11-24 00:00:00","nan","nan","nan","nan","17,301","838,663","7.0386744844380615","nan","nan","nan","nan","nan","5,306","229,785","6.148190706299328"
"2018-12-01 00:00:00","nan","nan","nan","nan","17,319","855,982","6.90180562944758","nan","nan","nan","nan","nan","5,265","235,050","5.874288551183082"
"2018-12-08 00:00:00","nan","nan","nan","nan","17,571","873,553","6.844350619011379","nan","nan","nan","nan","nan","4,877","239,928","5.601696809940404"
"2018-12-15 00:00:00","nan","nan","nan","nan","18,542","892,095","6.6489495240759595","nan","nan","nan","nan","nan","5,478","245,406","5.23795884983711"
"2018-12-22 00:00:00","nan","nan","nan","nan","14,518","906,613","6.0760610379064985","nan","nan","nan","nan","nan","4,558","249,964","4.838983513727668"
"2018-12-29 00:00:00","nan","nan","nan","nan","8,631","915,244","5.923172357603136","nan","nan","nan","nan","nan","1,288","251,253","4.700753510664257"
"2019-01-05 00:00:00","nan","nan","nan","nan","14,399","14,399","-19.42812377594987","nan","nan","nan","nan","nan","3,418","3,418","-0.372476220918061"
"2019-01-12 00:00:00","nan","nan","nan","nan","20,655","35,054","-7.849631966351211","nan","nan","nan","nan","nan","5,972","9,391","-2.9985308187813975"
"2019-01-19 00:00:00","nan","nan","nan","nan","17,745","52,799","-6.811041688728864","nan","nan","nan","nan","nan","6,344","15,736","12.317772138185145"
"2019-01-26 00:00:00","nan","nan","nan","nan","16,677","69,476","-7.331972843557011","nan","nan","nan","nan","nan","4,991","20,727","11.325310715520565"
"2019-02-02 00:00:00","nan","nan","nan","nan","16,427","85,903","-7.558621283372972","nan","nan","nan","nan","nan","4,714","25,442","9.263194015672793"
"2019-02-09 00:00:00","nan","nan","nan","nan","16,979","102,882","-6.79543045577671","nan","nan","nan","nan","nan","4,789","30,231","8.41710931675399"
"2019-02-16 00:00:00","nan","nan","nan","nan","16,331","119,213","-6.385802347952406","nan","nan","nan","nan","nan","4,922","35,153","8.735870762747888"
"2019-02-23 00:00:00","nan","nan","nan","nan","17,405","136,618","-6.869354783734963","nan","nan","nan","nan","nan","4,956","40,109","7.431384231580296"
"2019-03-02 00:00:00","nan","nan","nan","nan","17,503","154,121","-5.8354513905860586","nan","nan","nan","nan","nan","4,817","44,927","9.47096067889117"
"2019-03-09 00:00:00","nan","nan","nan","nan","15,811","169,932","-6.757824502875195","nan","nan","nan","nan","nan","4,811","49,738","8.629385286193013"
"2019-03-16 00:00:00","nan","nan","nan","nan","17,595","187,527","-6.9095439969024","nan","nan","nan","nan","nan","5,298","55,037","6.090904997688584"
"2019-03-23 00:00:00","nan","nan","nan","nan","16,872","204,399","-6.609553834555555","nan","nan","nan","nan","nan","5,230","60,267","6.385834098158272"
"2019-03-30 00:00:00","nan","nan","nan","nan","16,912","221,311","-6.114354075104785","nan","nan","nan","nan","nan","5,317","65,585","6.849543020610338"
"2019-04-06 00:00:00","nan","nan","nan","nan","16,225","237,536","-6.178632509015358","nan","nan","nan","nan","nan","4,614","70,199","7.164024153993553"
"2019-04-13 00:00:00","nan","nan","nan","nan","17,033","254,569","-6.429440456368241","nan","nan","nan","nan","nan","4,143","74,343","3.522195674390005"
"2019-04-20 00:00:00","nan","nan","nan","nan","15,449","270,018","-6.688921603184809","nan","nan","nan","nan","nan","4,776","79,119","3.28007386504523"
"2019-04-27 00:00:00","nan","nan","nan","nan","14,901","284,919","-7.2320931459214535","nan","nan","nan","nan","nan","3,860","82,979","1.078018192895147"
"2019-05-04 00:00:00","nan","nan","nan","nan","15,683","300,602","-6.953377947540133","nan","nan","nan","nan","nan","4,561","87,541","1.0505434712577921"
"2019-05-11 00:00:00","nan","nan","nan","nan","17,902","318,504","-6.220022436246609","nan","nan","nan","nan","nan","4,423","91,964","1.4224268321598732"
"2019-05-18 00:00:00","nan","nan","nan","nan","16,055","334,559","-6.818979395168256","nan","nan","nan","nan","nan","4,552","96,517","0.7189568539278213"
"2019-05-25 00:00:00","nan","nan","nan","nan","15,194","349,753","-7.014218261479883","nan","nan","nan","nan","nan","4,756","101,273","0.6235158135301955"
"2019-06-01 00:00:00","nan","nan","nan","nan","13,848","363,601","-7.5056091741158895","nan","nan","nan","nan","nan","nan","nan","nan"
"2019-06-08 00:00:00","nan","nan","nan","nan","16,825","380,426","-7.510715527364411","nan","nan","nan","nan","nan","nan","nan","nan"
"Danish weekly sow slaughterings figures are no longer available.","nan","nan","nan","nan","nan","nan","nan","nan","nan","nan","nan","nan","nan","nan","nan"
"* Comparison not available for 53-week year against 52-week year.","nan","nan","nan","nan","nan","nan","nan","nan","nan","nan","nan","nan","nan","nan","nan"
" Comparison not available for 52-week year against 53-week year.","nan","nan","nan","nan","nan","nan","nan","nan","nan","nan","nan","nan","nan","nan","nan"
"Please note: The first week of 2016 (w/e 02/01/16) has been excluded from the 2017 year-on-year comparisons.","nan","nan","nan","nan","nan","nan","nan","nan","nan","nan","nan","nan","nan","nan","nan"
